{
	"pages": [
		{
			"number": 0,
			"width": 841.9200439453125,
			"height": 595.3200073242188,
			"fields": {
				"ФИО": {
					"key": {
						"x_top_left": 49.06002197265627,
						"y_top_left": 133.12250366210938,
						"width": 97.40000000000003,
						"height": 32.60000000000002
					},
					"value": {
						"x_top_left": 171.4600219726563,
						"y_top_left": 135.37250366210938,
						"width": 229.39999999999998,
						"height": 30.19999999999999
					}
				},
				"Номер приказа": {
					"key": {
						"x_top_left": 48.26002197265626,
						"y_top_left": 185.12250366210938,
						"width": 196.60000000000002,
						"height": 26.19999999999999
					},
					"value": {
						"x_top_left": 256.26002197265626,
						"y_top_left": 186.57250366210937,
						"width": 104.60000000000002,
						"height": 25.400000000000034
					}
				},
				"Группа": {
					"key": {
						"x_top_left": 47.46002197265631,
						"y_top_left": 362.7225036621094,
						"width": 115.79999999999995,
						"height": 41.40000000000009
					},
					"value": {
						"x_top_left": 183.4600219726563,
						"y_top_left": 374.5725036621094,
						"width": 95,
						"height": 26.200000000000045
					}
				},
				"Год поступления": {
					"key": {
						"x_top_left": 335.4600219726563,
						"y_top_left": 361.12250366210935,
						"width": 265.40000000000003,
						"height": 36.60000000000002
					},
					"value": {
						"x_top_left": 611.4600219726562,
						"y_top_left": 367.37250366210935,
						"width": 49.40000000000009,
						"height": 30.200000000000045
					}
				},
				"Факультет": {
					"key": {
						"x_top_left": 53.06002197265627,
						"y_top_left": 417.12250366210947,
						"width": 139.8,
						"height": 27.799999999999955
					},
					"value": {
						"x_top_left": 205.86002197265628,
						"y_top_left": 416.1725036621094,
						"width": 507.8,
						"height": 29.399999999999977
					}
				}
			}
		}
	]
}