{
	"pages": [
		{
			"number": 0,
			"width": 841.9200439453125,
			"height": 595.2000122070312,
			"fields": {
				"ФИО": {
					"key": {
						"x_top_left": 44.71107958718795,
						"y_top_left": 126.95206810155943,
						"width": 114.46433057602502,
						"height": 43.69586990039679
					},
					"value": {
						"x_top_left": 167.6247218132791,
						"y_top_left": 130.6767523434613,
						"width": 338.6886282931368,
						"height": 39.22625165180142
					}
				},
				"Номер приказа": {
					"key": {
						"x_top_left": 46.20091918370616,
						"y_top_left": 182.0769714703619,
						"width": 206.83583482046134,
						"height": 34.75671865381247
					},
					"value": {
						"x_top_left": 255.52665043442312,
						"y_top_left": 182.82189126862102,
						"width": 119.67882599757627,
						"height": 34.01177043868458
					}
				},
				"Группа": {
					"key": {
						"x_top_left": 40.241475547026994,
						"y_top_left": 360.1155596905587,
						"width": 135.3223975128364,
						"height": 48.16541710682014
					},
					"value": {
						"x_top_left": 181.03347710002436,
						"y_top_left": 363.09523888359513,
						"width": 95.84105145085971,
						"height": 47.4205257254298
					}
				},
				"Год поступления": {
					"key": {
						"x_top_left": 327.7848938728321,
						"y_top_left": 363.84021551559175,
						"width": 282.07384270251293,
						"height": 45.93062929517413
					},
					"value": {
						"x_top_left": 613.8384726021189,
						"y_top_left": 363.09523888359513,
						"width": 66.04380485059517,
						"height": 46.67566276090827
					}
				},
				"Факультет": {
					"key": {
						"x_top_left": 40.98642376215486,
						"y_top_left": 415.24047726779554,
						"width": 158.41528067816273,
						"height": 34.756690236943655
					},
					"value": {
						"x_top_left": 204.12633184848187,
						"y_top_left": 417.47523666257285,
						"width": 285.05357872928687,
						"height": 34.756690236943655
					}
				}
			}
		}
	]
}