{
	"pages": [
		{
			"number": 0,
			"width": 992.1259765625,
			"height": 581.1023559570312,
			"fields": {
				"Номер билета": {
					"key": {
						"x_top_left": 589.8375289500814,
						"y_top_left": 41.04625108579853,
						"width": 333.55203834214694,
						"height": 36.091662615814855
					},
					"value": {
						"x_top_left": 590.5648048924361,
						"y_top_left": 78.13789982971396,
						"width": 210.64051750588214,
						"height": 29.546047351578125
					}
				},
				"Номер бронирования": {
					"key": {
						"x_top_left": 591.2921363223884,
						"y_top_left": 108.68394718129208,
						"width": 325.55189200104996,
						"height": 28.091481594969295
					},
					"value": {
						"x_top_left": 591.2921363223884,
						"y_top_left": 137.77542877626138,
						"width": 130.6389431197166,
						"height": 29.546061223477523
					}
				},
				"Пассажир": {
					"key": {
						"x_top_left": 11.64433225006647,
						"y_top_left": 262.14152924103445,
						"width": 128.45708754885362,
						"height": 25.182322337952826
					},
					"value": {
						"x_top_left": 10.917042435812363,
						"y_top_left": 287.59657563663256,
						"width": 140.09368296122125,
						"height": 27.364177908815805
					}
				},
				"Паспорт": {
					"key": {
						"x_top_left": 292.3771185440007,
						"y_top_left": 259.23236998401796,
						"width": 118.27508563689366,
						"height": 28.09148159496931
					},
					"value": {
						"x_top_left": 293.83172591630773,
						"y_top_left": 286.86927195047906,
						"width": 160.45770065704062,
						"height": 26.63690196646104
					}
				},
				"Рейсы": {
					"key": {
						"x_top_left": 10.189766493457654,
						"y_top_left": 381.41658713412926,
						"width": 87.72901054151674,
						"height": 30.273364909631084
					},
					"value": {
						"x_top_left": 10.917042435812363,
						"y_top_left": 410.50806872909857,
						"width": 227.36812774612912,
						"height": 28.818757537324018
					}
				},
				"Самолет": {
					"key": {
						"x_top_left": 12.371622064320576,
						"y_top_left": 452.6907392368431,
						"width": 112.45678099476015,
						"height": 25.90959828030759
					},
					"value": {
						"x_top_left": 12.371622064320576,
						"y_top_left": 477.4185096900866,
						"width": 143.73011816059238,
						"height": 30.273309422033435
					}
				},
				"Багаж": {
					"key": {
						"x_top_left": 11.64433225006647,
						"y_top_left": 518.1465728255241,
						"width": 86.27444478490793,
						"height": 27.3642056526146
					},
					"value": {
						"x_top_left": 11.64433225006647,
						"y_top_left": 545.7834470481863,
						"width": 155.36671357296,
						"height": 31.000640851985736
					}
				},
				"Вылет": {
					"key": {
						"x_top_left": 289.4680147745819,
						"y_top_left": 386.5076574496063,
						"width": 100.82018558239258,
						"height": 25.18229459415403
					},
					"value": {
						"x_top_left": 288.7407110884284,
						"y_top_left": 410.50806872909857,
						"width": 250.64133244276377,
						"height": 92.09276329894078
					}
				},
				"В пути": {
					"key": {
						"x_top_left": 554.9277843286768,
						"y_top_left": 383.59844270499224,
						"width": 161.18497659939533,
						"height": 34.637103795155724
					},
					"value": {
						"x_top_left": 586.928369693065,
						"y_top_left": 427.9629687835997,
						"width": 100.82018558239258,
						"height": 41.18267050774449
					}
				},
				"Прибытие": {
					"key": {
						"x_top_left": 730.9313367583973,
						"y_top_left": 383.59844270499224,
						"width": 144.45735248724895,
						"height": 28.818840768720463
					},
					"value": {
						"x_top_left": 733.1131090978638,
						"y_top_left": 414.14450392846976,
						"width": 252.09585658367428,
						"height": 95.00192255595726
					}
				}
			}
		}
	]
}