{
	"pages": [
		{
			"number": 0,
			"width": 841.9200439453125,
			"height": 595.3200073242188,
			"fields": {
				"ФИО": {
					"key": {
						"x_top_left": 52.26002197265626,
						"y_top_left": 130.72250366210938,
						"width": 91.80000000000001,
						"height": 38.20000000000002
					},
					"value": {
						"x_top_left": 168.26002197265626,
						"y_top_left": 135.37250366210938,
						"width": 308.6,
						"height": 32.60000000000002
					}
				},
				"Номер приказа": {
					"key": {
						"x_top_left": 48.26002197265626,
						"y_top_left": 181.9225036621094,
						"width": 196.60000000000002,
						"height": 31
					},
					"value": {
						"x_top_left": 255.4600219726563,
						"y_top_left": 184.1725036621094,
						"width": 106.20000000000005,
						"height": 31.80000000000001
					}
				},
				"Группа": {
					"key": {
						"x_top_left": 44.26002197265626,
						"y_top_left": 363.52250366210944,
						"width": 119,
						"height": 45.39999999999998
					},
					"value": {
						"x_top_left": 181.86002197265628,
						"y_top_left": 371.37250366210935,
						"width": 107.80000000000007,
						"height": 34.200000000000045
					}
				},
				"Год поступления": {
					"key": {
						"x_top_left": 331.4600219726563,
						"y_top_left": 360.3225036621094,
						"width": 267.7999999999999,
						"height": 40.60000000000002
					},
					"value": {
						"x_top_left": 613.0600219726564,
						"y_top_left": 365.77250366210944,
						"width": 48.59999999999991,
						"height": 31.799999999999955
					}
				},
				"Факультет": {
					"key": {
						"x_top_left": 50.660021972656295,
						"y_top_left": 417.12250366210947,
						"width": 140.59999999999997,
						"height": 29.399999999999977
					},
					"value": {
						"x_top_left": 202.66002197265624,
						"y_top_left": 420.1725036621094,
						"width": 371.00000000000006,
						"height": 25.399999999999977
					}
				}
			}
		}
	]
}