{
	"pages": [
		{
			"number": 0,
			"width": 992.1259765625,
			"height": 581.1023559570312,
			"fields": {
				"Номер билета": {
					"key": {
						"x_top_left": 585.4738178083555,
						"y_top_left": 46.86454879198233,
						"width": 348.8250550819864,
						"height": 31.727916794340473
					},
					"value": {
						"x_top_left": 586.2010937507102,
						"y_top_left": 80.31978314437573,
						"width": 205.54958590939918,
						"height": 26.636874222662243
					}
				},
				"Номер бронирования": {
					"key": {
						"x_top_left": 587.6557011230173,
						"y_top_left": 108.68394718129208,
						"width": 333.55198285454935,
						"height": 29.546061223477565
					},
					"value": {
						"x_top_left": 586.2010937507102,
						"y_top_left": 140.68457416137844,
						"width": 142.27558014778242,
						"height": 35.36436586561106
					}
				},
				"Пассажир": {
					"key": {
						"x_top_left": 9.462476679203547,
						"y_top_left": 259.9596459263727,
						"width": 119.72963752160308,
						"height": 27.3642056526146
					},
					"value": {
						"x_top_left": 9.46246280730412,
						"y_top_left": 289.05115526514084,
						"width": 177.91261458344113,
						"height": 28.09148159496931
					}
				},
				"Паспорт": {
					"key": {
						"x_top_left": 282.1951721196384,
						"y_top_left": 257.77779035550975,
						"width": 140.0936136017242,
						"height": 25.18235008175168
					},
					"value": {
						"x_top_left": 285.83160731900955,
						"y_top_left": 286.14199600812435,
						"width": 167.7305433119841,
						"height": 30.27339265342988
					}
				},
				"Рейсы": {
					"key": {
						"x_top_left": 9.462476679203547,
						"y_top_left": 383.59844270499224,
						"width": 84.81986515639966,
						"height": 26.63690196646104
					},
					"value": {
						"x_top_left": 10.189766493457654,
						"y_top_left": 411.96267610140563,
						"width": 214.27696657715273,
						"height": 25.909598280307534
					}
				},
				"Самолет": {
					"key": {
						"x_top_left": 8.735186864949412,
						"y_top_left": 455.59989849385954,
						"width": 115.3659402517766,
						"height": 22.273163080936456
					},
					"value": {
						"x_top_left": 9.462476679203547,
						"y_top_left": 479.6003375171507,
						"width": 129.91166717736184,
						"height": 25.909653767905183
					}
				},
				"Багаж": {
					"key": {
						"x_top_left": 9.462476679203547,
						"y_top_left": 518.8738487678787,
						"width": 88.45630035577085,
						"height": 25.182322337952883
					},
					"value": {
						"x_top_left": 10.189766493457654,
						"y_top_left": 547.2380544204933,
						"width": 155.3666997010606,
						"height": 27.3642056526146
					}
				},
				"Вылет": {
					"key": {
						"x_top_left": 294.55900185866244,
						"y_top_left": 385.05302233350045,
						"width": 81.91073364318208,
						"height": 23.727825940841058
					},
					"value": {
						"x_top_left": 295.28627780101715,
						"y_top_left": 411.2353446714533,
						"width": 246.27759355723913,
						"height": 95.72919849831203
					}
				},
				"В пути": {
					"key": {
						"x_top_left": 582.5646585513391,
						"y_top_left": 386.50760196200866,
						"width": 96.45647444066663,
						"height": 28.81878528112287
					},
					"value": {
						"x_top_left": 590.5648048924361,
						"y_top_left": 430.87212804061613,
						"width": 101.54751701234488,
						"height": 36.091627936066345
					}
				},
				"Прибытие": {
					"key": {
						"x_top_left": 734.5677719577685,
						"y_top_left": 385.78032601965396,
						"width": 119.00230609165067,
						"height": 26.636957454058745
					},
					"value": {
						"x_top_left": 735.2949369249279,
						"y_top_left": 413.41722798611505,
						"width": 249.18680830185303,
						"height": 93.54731518365026
					}
				}
			}
		}
	]
}