{
	"pages": [
		{
			"number": 0,
			"width": 841.9200439453125,
			"height": 595.3200073242188,
			"fields": {
				"ФИО": {
					"key": {
						"x_top_left": 51.46002197265631,
						"y_top_left": 129.12250366210938,
						"width": 92.59999999999997,
						"height": 40.60000000000002
					},
					"value": {
						"x_top_left": 173.86002197265628,
						"y_top_left": 136.9725036621094,
						"width": 309.4,
						"height": 30.19999999999999
					}
				},
				"Номер приказа": {
					"key": {
						"x_top_left": 49.860021972656284,
						"y_top_left": 184.32250366210937,
						"width": 194.20000000000005,
						"height": 30.200000000000045
					},
					"value": {
						"x_top_left": 255.4600219726563,
						"y_top_left": 184.9725036621094,
						"width": 105.39999999999998,
						"height": 28.599999999999966
					}
				},
				"Группа": {
					"key": {
						"x_top_left": 46.660021972656295,
						"y_top_left": 365.9225036621094,
						"width": 118.19999999999999,
						"height": 40.60000000000002
					},
					"value": {
						"x_top_left": 181.86002197265628,
						"y_top_left": 371.37250366210935,
						"width": 75.79999999999995,
						"height": 31.800000000000068
					}
				},
				"Год поступления": {
					"key": {
						"x_top_left": 331.4600219726563,
						"y_top_left": 362.7225036621094,
						"width": 269.40000000000003,
						"height": 43.80000000000007
					},
					"value": {
						"x_top_left": 614.6600219726563,
						"y_top_left": 368.9725036621094,
						"width": 48.59999999999991,
						"height": 27.800000000000068
					}
				},
				"Факультет": {
					"key": {
						"x_top_left": 49.860021972656284,
						"y_top_left": 417.12250366210947,
						"width": 141.4000000000001,
						"height": 30.199999999999932
					},
					"value": {
						"x_top_left": 202.66002197265624,
						"y_top_left": 417.77250366210944,
						"width": 271.80000000000007,
						"height": 28.600000000000023
					}
				}
			}
		}
	]
}