{
	"pages": [
		{
			"number": 0,
			"width": 979.1099853515625,
			"height": 573.6300048828125,
			"fields": {
				"Номер билета": {
					"key": {
						"x_top_left": 588.0309905074461,
						"y_top_left": 43.636974616607645,
						"width": 316.56148667529226,
						"height": 31.123262767639005
					},
					"value": {
						"x_top_left": 588.03106053064,
						"y_top_left": 76.67804014031961,
						"width": 289.0273164641112,
						"height": 28.369845746520866
					}
				},
				"Номер бронирования": {
					"key": {
						"x_top_left": 588.0309905074462,
						"y_top_left": 107.88354391638188,
						"width": 318.3972147280276,
						"height": 26.534240234375005
					},
					"value": {
						"x_top_left": 586.1954025010988,
						"y_top_left": 136.33559565972908,
						"width": 121.98628705151373,
						"height": 30.205503776062272
					}
				},
				"Пассажир": {
					"key": {
						"x_top_left": 12.56539324183668,
						"y_top_left": 256.56844818432626,
						"width": 116.47942237413022,
						"height": 23.780823213256895
					},
					"value": {
						"x_top_left": 12.56539324183668,
						"y_top_left": 284.1026884187013,
						"width": 155.9451597077483,
						"height": 21.945200195312452
					}
				},
				"Паспорт": {
					"key": {
						"x_top_left": 287.9077999620363,
						"y_top_left": 257.48624218749995,
						"width": 110.9725839554444,
						"height": 22.863029210083198
					},
					"value": {
						"x_top_left": 289.74342297998066,
						"y_top_left": 281.34927139758315,
						"width": 159.6164013671875,
						"height": 30.205451258666812
					}
				},
				"Рейсы": {
					"key": {
						"x_top_left": 11.64757735641485,
						"y_top_left": 379.5547002242431,
						"width": 81.60272945602426,
						"height": 23.780823213256838
					},
					"value": {
						"x_top_left": 11.64757735641485,
						"y_top_left": 405.25335245227063,
						"width": 214.68489058883677,
						"height": 23.78078820165996
					}
				},
				"Самолет": {
					"key": {
						"x_top_left": 9.811958714920088,
						"y_top_left": 447.4725768302008,
						"width": 105.46573678385931,
						"height": 24.698547193236664
					},
					"value": {
						"x_top_left": 9.811958714920088,
						"y_top_left": 474.0889530382081,
						"width": 132.99997701823432,
						"height": 21.027371180541877
					}
				},
				"Багаж": {
					"key": {
						"x_top_left": 7.97635320277417,
						"y_top_left": 513.5546903718262,
						"width": 91.69859916087336,
						"height": 24.69865222802764
					},
					"value": {
						"x_top_left": 7.9763400734253125,
						"y_top_left": 541.0889306062013,
						"width": 161.4520243851319,
						"height": 25.616376208007296
					}
				},
				"Вылет": {
					"key": {
						"x_top_left": 284.2365539261475,
						"y_top_left": 384.1437402633056,
						"width": 96.2876698350832,
						"height": 20.10961218896506
					},
					"value": {
						"x_top_left": 286.9899709472656,
						"y_top_left": 406.1712164786383,
						"width": 211.93146481481944,
						"height": 106.38347389318784
					}
				},
				"В пути": {
					"key": {
						"x_top_left": 569.6748303511962,
						"y_top_left": 374.9656601851806,
						"width": 101.79453888891635,
						"height": 35.71232031249997
					},
					"value": {
						"x_top_left": 574.2638703902587,
						"y_top_left": 419.93833659582583,
						"width": 120.15069904516633,
						"height": 36.630044292479795
					}
				},
				"Прибытие": {
					"key": {
						"x_top_left": 716.5241116011962,
						"y_top_left": 376.80128320312497,
						"width": 136.67120117187494,
						"height": 28.369933275513347
					},
					"value": {
						"x_top_left": 724.7843976761475,
						"y_top_left": 407.0889404586181,
						"width": 212.84929382959,
						"height": 94.45211684033268
					}
				}
			}
		}
	]
}