{
	"pages": [
		{
			"number": 0,
			"width": 841.9200439453125,
			"height": 595.3200073242188,
			"fields": {
				"ФИО": {
					"key": {
						"x_top_left": 53.860021972656284,
						"y_top_left": 131.5225036621094,
						"width": 89.39999999999998,
						"height": 42.20000000000002
					},
					"value": {
						"x_top_left": 170.6600219726563,
						"y_top_left": 135.37250366210938,
						"width": 335.8,
						"height": 29.399999999999977
					}
				},
				"Номер приказа": {
					"key": {
						"x_top_left": 50.660021972656295,
						"y_top_left": 184.32250366210937,
						"width": 193.40000000000003,
						"height": 30.200000000000045
					},
					"value": {
						"x_top_left": 256.26002197265626,
						"y_top_left": 181.77250366210936,
						"width": 103,
						"height": 29.400000000000034
					}
				},
				"Группа": {
					"key": {
						"x_top_left": 48.26002197265626,
						"y_top_left": 361.12250366210935,
						"width": 115.80000000000001,
						"height": 43.000000000000114
					},
					"value": {
						"x_top_left": 181.06002197265633,
						"y_top_left": 371.37250366210935,
						"width": 86.19999999999993,
						"height": 28.600000000000023
					}
				},
				"Год поступления": {
					"key": {
						"x_top_left": 329.8600219726563,
						"y_top_left": 362.7225036621094,
						"width": 271.8,
						"height": 36.60000000000002
					},
					"value": {
						"x_top_left": 614.6600219726563,
						"y_top_left": 366.5725036621094,
						"width": 48.59999999999991,
						"height": 29.399999999999977
					}
				},
				"Факультет": {
					"key": {
						"x_top_left": 47.46002197265631,
						"y_top_left": 415.52250366210944,
						"width": 143.79999999999995,
						"height": 30.199999999999932
					},
					"value": {
						"x_top_left": 203.4600219726563,
						"y_top_left": 419.37250366210947,
						"width": 247,
						"height": 26.199999999999932
					}
				}
			}
		}
	]
}