{
	"pages": [
		{
			"number": 0,
			"width": 979.1099853515625,
			"height": 573.6300048828125,
			"fields": {
				"Номер билета": {
					"key": {
						"x_top_left": 581.4121991519244,
						"y_top_left": 44.83250266689844,
						"width": 344.3266812596578,
						"height": 29.153244354415058
					},
					"value": {
						"x_top_left": 582.1301231081558,
						"y_top_left": 76.42162232081981,
						"width": 222.27780115544783,
						"height": 26.28152114244591
					}
				},
				"Номер бронирования": {
					"key": {
						"x_top_left": 582.1301231081558,
						"y_top_left": 105.85697010604687,
						"width": 324.9425153450617,
						"height": 26.99944509867734
					},
					"value": {
						"x_top_left": 582.1301231081558,
						"y_top_left": 136.7281794972585,
						"width": 158.38158311728682,
						"height": 32.02498125990596
					}
				},
				"Пассажир": {
					"key": {
						"x_top_left": 10.653931174602661,
						"y_top_left": 253.03359948400848,
						"width": 129.6641729818129,
						"height": 28.43537517227051
					},
					"value": {
						"x_top_left": 11.3718688243558,
						"y_top_left": 283.90482256874185,
						"width": 133.25383384353523,
						"height": 26.28152114244591
					}
				},
				"Паспорт": {
					"key": {
						"x_top_left": 289.2127122646955,
						"y_top_left": 255.18742612678963,
						"width": 138.2793289241987,
						"height": 24.1277218867082
					},
					"value": {
						"x_top_left": 289.9306362209269,
						"y_top_left": 281.7509959259607,
						"width": 153.3560058754931,
						"height": 24.127721886708173
					}
				},
				"Рейсы": {
					"key": {
						"x_top_left": 11.3718688243558,
						"y_top_left": 376.51840966181163,
						"width": 90.89566313683838,
						"height": 28.43532039818365
					},
					"value": {
						"x_top_left": 12.80774412386208,
						"y_top_left": 407.389632746545,
						"width": 198.5858997941591,
						"height": 25.56356979917109
					}
				},
				"Самолет": {
					"key": {
						"x_top_left": 9.218069568618063,
						"y_top_left": 447.59397681046073,
						"width": 113.86958576780881,
						"height": 22.691873974245254
					},
					"value": {
						"x_top_left": 9.936007218371202,
						"y_top_left": 472.0037747409374,
						"width": 136.1255707490261,
						"height": 21.97389524392713
					}
				},
				"Багаж": {
					"key": {
						"x_top_left": 8.500131918864923,
						"y_top_left": 511.49019484862174,
						"width": 95.20327534183554,
						"height": 26.281493755402494
					},
					"value": {
						"x_top_left": 9.936007218371202,
						"y_top_left": 539.4896673343425,
						"width": 137.5614460485324,
						"height": 25.56356979917109
					}
				},
				"Вылет": {
					"key": {
						"x_top_left": 293.52031077617085,
						"y_top_left": 377.2363610050865,
						"width": 81.56251477061267,
						"height": 28.435347785227066
					},
					"value": {
						"x_top_left": 293.52031077617085,
						"y_top_left": 407.389632746545,
						"width": 233.0467700470931,
						"height": 88.02393992486918
					}
				},
				"В пути": {
					"key": {
						"x_top_left": 579.9763512394616,
						"y_top_left": 380.10808421705565,
						"width": 88.74186388110058,
						"height": 22.691846587201894
					},
					"value": {
						"x_top_left": 577.1046006404489,
						"y_top_left": 422.4662549237525,
						"width": 111.7157591250276,
						"height": 34.89674555244022
					}
				},
				"Прибытие": {
					"key": {
						"x_top_left": 721.409616354615,
						"y_top_left": 382.9798622031117,
						"width": 145.4586232605999,
						"height": 21.9738678568836
					},
					"value": {
						"x_top_left": 724.9992361357721,
						"y_top_left": 407.389632746545,
						"width": 242.38000057444913,
						"height": 88.02393992486918
					}
				}
			}
		}
	]
}