{
	"pages": [
		{
			"number": 0,
			"width": 841.9200439453125,
			"height": 595.2000122070312,
			"fields": {
				"ФИО": {
					"key": {
						"x_top_left": 49.860021972656284,
						"y_top_left": 129.06250610351563,
						"width": 95.80000000000001,
						"height": 37.39999999999998
					},
					"value": {
						"x_top_left": 171.4600219726563,
						"y_top_left": 134.51250610351562,
						"width": 318.20000000000005,
						"height": 30.19999999999999
					}
				},
				"Номер приказа": {
					"key": {
						"x_top_left": 42.660021972656295,
						"y_top_left": 180.26250610351562,
						"width": 201.40000000000003,
						"height": 34.200000000000045
					},
					"value": {
						"x_top_left": 257.06002197265633,
						"y_top_left": 184.11250610351564,
						"width": 100.60000000000002,
						"height": 28.600000000000023
					}
				},
				"Группа": {
					"key": {
						"x_top_left": 46.660021972656295,
						"y_top_left": 365.86250610351567,
						"width": 114.19999999999999,
						"height": 43.799999999999955
					},
					"value": {
						"x_top_left": 180.26002197265626,
						"y_top_left": 369.7125061035157,
						"width": 101.40000000000009,
						"height": 31.799999999999955
					}
				},
				"Год поступления": {
					"key": {
						"x_top_left": 333.8600219726563,
						"y_top_left": 363.4625061035157,
						"width": 266.2000000000001,
						"height": 39
					},
					"value": {
						"x_top_left": 611.4600219726562,
						"y_top_left": 365.7125061035157,
						"width": 51.799999999999955,
						"height": 33.39999999999998
					}
				},
				"Факультет": {
					"key": {
						"x_top_left": 51.46002197265631,
						"y_top_left": 420.26250610351565,
						"width": 139,
						"height": 22.200000000000045
					},
					"value": {
						"x_top_left": 205.86002197265628,
						"y_top_left": 419.3125061035157,
						"width": 343.00000000000006,
						"height": 27.799999999999955
					}
				}
			}
		}
	]
}