{
	"pages": [
		{
			"number": 0,
			"width": 992.1259765625,
			"height": 581.1023559570312,
			"fields": {
				"Номер билета": {
					"key": {
						"x_top_left": 586.2010937507102,
						"y_top_left": 40.31897514344382,
						"width": 353.18876622371226,
						"height": 34.63705524350782
					},
					"value": {
						"x_top_left": 589.1102530077267,
						"y_top_left": 77.41061001545985,
						"width": 209.18596562117273,
						"height": 29.546047351578125
					}
				},
				"Номер бронирования": {
					"key": {
						"x_top_left": 589.1102530077267,
						"y_top_left": 107.95665736703798,
						"width": 342.27951611319645,
						"height": 28.8187714092234
					},
					"value": {
						"x_top_left": 589.1102530077267,
						"y_top_left": 138.50274633431434,
						"width": 153.91216168825065,
						"height": 31.00059923628754
					}
				},
				"Пассажир": {
					"key": {
						"x_top_left": 10.917042435812363,
						"y_top_left": 261.41422555488094,
						"width": 130.638956991616,
						"height": 24.455046395598117
					},
					"value": {
						"x_top_left": 10.189766493457654,
						"y_top_left": 288.3239070665849,
						"width": 201.913081350531,
						"height": 25.182266850355177
					}
				},
				"Паспорт": {
					"key": {
						"x_top_left": 292.3771185440007,
						"y_top_left": 259.23236998401796,
						"width": 113.91137449516782,
						"height": 24.455046395598174
					},
					"value": {
						"x_top_left": 292.3771185440007,
						"y_top_left": 286.14199600812435,
						"width": 159.0031487723312,
						"height": 25.909626024106387
					}
				},
				"Рейсы": {
					"key": {
						"x_top_left": 10.917042435812363,
						"y_top_left": 386.5076574496063,
						"width": 83.36529939979084,
						"height": 23.000411279492255
					},
					"value": {
						"x_top_left": 10.917042435812363,
						"y_top_left": 411.2353446714533,
						"width": 220.82256103354035,
						"height": 27.3642056526146
					}
				},
				"Самолет": {
					"key": {
						"x_top_left": 10.189766493457654,
						"y_top_left": 451.9634632944884,
						"width": 107.36576616688075,
						"height": 24.455046395598174
					},
					"value": {
						"x_top_left": 10.917042435812363,
						"y_top_left": 480.3276134595054,
						"width": 140.82098664737475,
						"height": 21.54594262617934
					}
				},
				"Багаж": {
					"key": {
						"x_top_left": 8.735186864949412,
						"y_top_left": 518.8738487678787,
						"width": 94.27460499790433,
						"height": 25.182377825550475
					},
					"value": {
						"x_top_left": 10.189766493457654,
						"y_top_left": 547.2380544204933,
						"width": 152.45756818784298,
						"height": 25.90959828030759
					}
				},
				"Вылет": {
					"key": {
						"x_top_left": 290.9225666592913,
						"y_top_left": 385.78032601965396,
						"width": 91.36543186898848,
						"height": 23.727742709444613
					},
					"value": {
						"x_top_left": 291.649842601646,
						"y_top_left": 411.96267610140563,
						"width": 223.73170641865738,
						"height": 97.18375038302139
					}
				},
				"В пути": {
					"key": {
						"x_top_left": 583.2919344936938,
						"y_top_left": 385.05302233350045,
						"width": 89.18360404192435,
						"height": 28.09148159496931
					},
					"value": {
						"x_top_left": 579.6554992943226,
						"y_top_left": 426.5084168988903,
						"width": 121.1842448939102,
						"height": 38.27345576313047
					}
				},
				"Прибытие": {
					"key": {
						"x_top_left": 732.3857776679114,
						"y_top_left": 384.3257741349446,
						"width": 119.00241706684608,
						"height": 25.182294594153973
					},
					"value": {
						"x_top_left": 733.8403850402185,
						"y_top_left": 413.41722798611505,
						"width": 223.73165093105968,
						"height": 88.4563280995697
					}
				}
			}
		}
	]
}