{
	"pages": [
		{
			"number": 0,
			"width": 841.9200439453125,
			"height": 595.3200073242188,
			"fields": {
				"ФИО": {
					"key": {
						"x_top_left": 48.36053196453696,
						"y_top_left": 126.23247724334989,
						"width": 110.7622019940888,
						"height": 45.19504917540961
					},
					"value": {
						"x_top_left": 171.29895415803463,
						"y_top_left": 132.93820652073543,
						"width": 286.60141685168054,
						"height": 35.50899735377482
					}
				},
				"Номер приказа": {
					"key": {
						"x_top_left": 46.87036358676289,
						"y_top_left": 182.1135782403943,
						"width": 206.13263710045612,
						"height": 34.76392737618664
					},
					"value": {
						"x_top_left": 256.9832805975716,
						"y_top_left": 183.60374661816837,
						"width": 104.80158532818803,
						"height": 31.783590620638506
					}
				},
				"Группа": {
					"key": {
						"x_top_left": 46.87036358676289,
						"y_top_left": 358.69786307557416,
						"width": 127.89912412719167,
						"height": 47.43028753077181
					},
					"value": {
						"x_top_left": 181.7300759572576,
						"y_top_left": 365.4036065642586,
						"width": 90.64502837323101,
						"height": 40.72460088728292
					}
				},
				"Год поступления": {
					"key": {
						"x_top_left": 334.4717520158456,
						"y_top_left": 357.2076946978001,
						"width": 274.6800982520857,
						"height": 51.90079266409401
					},
					"value": {
						"x_top_left": 611.6420470683032,
						"y_top_left": 366.8937465194349,
						"width": 57.861380907397006,
						"height": 38.489334109322954
					}
				},
				"Факультет": {
					"key": {
						"x_top_left": 46.12526518657694,
						"y_top_left": 414.5789640726186,
						"width": 154.72206965933168,
						"height": 36.99916573154883
					},
					"value": {
						"x_top_left": 204.82761475626126,
						"y_top_left": 416.81420242798083,
						"width": 320.87514742749534,
						"height": 36.25406733136293
					}
				}
			}
		}
	]
}