{
	"pages": [
		{
			"number": 0,
			"width": 992.1259765625,
			"height": 581.1023559570312,
			"fields": {
				"Номер билета": {
					"key": {
						"x_top_left": 586.928369693065,
						"y_top_left": 43.955410342814986,
						"width": 341.5521846832439,
						"height": 31.72790985839076
					},
					"value": {
						"x_top_left": 589.1102530077267,
						"y_top_left": 78.13789982971396,
						"width": 199.00399145301162,
						"height": 25.90961215220696
					}
				},
				"Номер бронирования": {
					"key": {
						"x_top_left": 588.382977065372,
						"y_top_left": 107.95665736703798,
						"width": 335.00659022685636,
						"height": 25.909626024106373
					},
					"value": {
						"x_top_left": 589.1102530077267,
						"y_top_left": 136.32086301965256,
						"width": 136.45726163374945,
						"height": 32.45519273669515
					}
				},
				"Пассажир": {
					"key": {
						"x_top_left": 13.826201692828818,
						"y_top_left": 263.59608112574386,
						"width": 116.82049213648602,
						"height": 22.273190824735195
					},
					"value": {
						"x_top_left": 12.371622064320576,
						"y_top_left": 287.59657563663256,
						"width": 153.9121478163512,
						"height": 28.818813024921667
					}
				},
				"Паспорт": {
					"key": {
						"x_top_left": 294.55900185866244,
						"y_top_left": 261.41422555488094,
						"width": 121.91152083626491,
						"height": 23.000466767089904
					},
					"value": {
						"x_top_left": 295.28627780101715,
						"y_top_left": 286.86927195047906,
						"width": 153.91216168825065,
						"height": 24.455046395598117
					}
				},
				"Рейсы": {
					"key": {
						"x_top_left": 10.917042435812363,
						"y_top_left": 385.78032601965396,
						"width": 85.54715497065376,
						"height": 23.000466767089904
					},
					"value": {
						"x_top_left": 10.917042435812363,
						"y_top_left": 410.50806872909857,
						"width": 207.0040961784104,
						"height": 25.182322337952883
					}
				},
				"Самолет": {
					"key": {
						"x_top_left": 11.64433225006647,
						"y_top_left": 451.2361318645361,
						"width": 108.82035966728841,
						"height": 25.182377825550475
					},
					"value": {
						"x_top_left": 11.64433225006647,
						"y_top_left": 478.1457856324413,
						"width": 129.18439123500718,
						"height": 26.636874222662186
					}
				},
				"Багаж": {
					"key": {
						"x_top_left": 11.64433225006647,
						"y_top_left": 518.1465728255241,
						"width": 92.09273555514199,
						"height": 26.636874222662186
					},
					"value": {
						"x_top_left": 10.917042435812363,
						"y_top_left": 547.2380544204933,
						"width": 145.91200147525416,
						"height": 25.90959828030759
					}
				},
				"Вылет": {
					"key": {
						"x_top_left": 297.468161115679,
						"y_top_left": 382.1438908202828,
						"width": 78.27429844381084,
						"height": 28.091453851170456
					},
					"value": {
						"x_top_left": 297.468161115679,
						"y_top_left": 411.96267610140563,
						"width": 239.73199910085145,
						"height": 91.36543186898854
					}
				},
				"В пути": {
					"key": {
						"x_top_left": 585.4738178083555,
						"y_top_left": 381.41658713412926,
						"width": 92.82003924129549,
						"height": 35.36435199371164
					},
					"value": {
						"x_top_left": 586.2010937507102,
						"y_top_left": 424.3265335842285,
						"width": 111.00221523815128,
						"height": 41.909946450099255
					}
				},
				"Прибытие": {
					"key": {
						"x_top_left": 733.8403850402185,
						"y_top_left": 383.59844270499224,
						"width": 121.18424489391009,
						"height": 27.364233396413397
					},
					"value": {
						"x_top_left": 735.2949369249279,
						"y_top_left": 412.68995204376034,
						"width": 241.91393790311076,
						"height": 93.54731518365026
					}
				}
			}
		}
	]
}