{
	"pages": [
		{
			"number": 0,
			"width": 841.9200439453125,
			"height": 595.2000122070312,
			"fields": {
				"ФИО": {
					"key": {
						"x_top_left": 54.39517904890016,
						"y_top_left": 129.93178991989902,
						"width": 101.80049508753882,
						"height": 42.950935893703274
					},
					"value": {
						"x_top_left": 172.09435427030883,
						"y_top_left": 135.89124776501254,
						"width": 268.6650305820301,
						"height": 33.26682222355669
					}
				},
				"Номер приказа": {
					"key": {
						"x_top_left": 52.90531103551319,
						"y_top_left": 182.0769714703619,
						"width": 200.87636276691336,
						"height": 37.73642626371765
					},
					"value": {
						"x_top_left": 257.0164331972038,
						"y_top_left": 183.5668394837489,
						"width": 104.03533973292258,
						"height": 33.26682222355666
					}
				},
				"Группа": {
					"key": {
						"x_top_left": 46.20091918370616,
						"y_top_left": 362.350319085336,
						"width": 129.36295387615723,
						"height": 45.93065771204283
					},
					"value": {
						"x_top_left": 184.01318470992953,
						"y_top_left": 370.54455053366127,
						"width": 106.2701275445686,
						"height": 33.266850640425446
					}
				},
				"Год поступления": {
					"key": {
						"x_top_left": 325.5501344780548,
						"y_top_left": 360.1155596905587,
						"width": 285.7984985275459,
						"height": 44.440761281787104
					},
					"value": {
						"x_top_left": 614.5833924003781,
						"y_top_left": 368.30976272201514,
						"width": 62.31914902556207,
						"height": 34.75669023694371
					}
				},
				"Факультет": {
					"key": {
						"x_top_left": 50.67052322386712,
						"y_top_left": 418.2201848777008,
						"width": 148.73115279958165,
						"height": 31.776925793300904
					},
					"value": {
						"x_top_left": 203.38141205022276,
						"y_top_left": 416.730288447445,
						"width": 361.7814546247254,
						"height": 36.24655825033068
					}
				}
			}
		}
	]
}