{
	"pages": [
		{
			"number": 0,
			"width": 992.1259765625,
			"height": 581.1023559570312,
			"fields": {
				"Номер билета": {
					"key": {
						"x_top_left": 589.1102530077267,
						"y_top_left": 46.86454879198233,
						"width": 337.9157494838728,
						"height": 27.364191780715174
					},
					"value": {
						"x_top_left": 589.8375289500814,
						"y_top_left": 78.13789982971396,
						"width": 199.73126739536633,
						"height": 28.09148159496931
					}
				},
				"Номер бронирования": {
					"key": {
						"x_top_left": 590.5648048924361,
						"y_top_left": 109.41123699554622,
						"width": 348.0978346272293,
						"height": 24.45504639559813
					},
					"value": {
						"x_top_left": 590.5648048924361,
						"y_top_left": 137.04813896200727,
						"width": 125.54795603563605,
						"height": 29.546088967276376
					}
				},
				"Пассажир": {
					"key": {
						"x_top_left": 11.64433225006647,
						"y_top_left": 257.77779035550975,
						"width": 122.63879677861956,
						"height": 28.818785281122814
					},
					"value": {
						"x_top_left": 12.371622064320576,
						"y_top_left": 288.3239070665849,
						"width": 230.2772870031456,
						"height": 27.36415016501695
					}
				},
				"Паспорт": {
					"key": {
						"x_top_left": 293.83172591630773,
						"y_top_left": 262.14152924103445,
						"width": 108.82033192348968,
						"height": 23.0004945108887
					},
					"value": {
						"x_top_left": 293.104449973953,
						"y_top_left": 288.3238238351884,
						"width": 153.91210620065306,
						"height": 23.000494510888757
					}
				},
				"Рейсы": {
					"key": {
						"x_top_left": 10.917042435812363,
						"y_top_left": 384.32574639114574,
						"width": 79.001588258065,
						"height": 23.727770453243465
					},
					"value": {
						"x_top_left": 12.371622064320576,
						"y_top_left": 409.0535168443892,
						"width": 215.73154620566095,
						"height": 28.091481594969252
					}
				},
				"Самолет": {
					"key": {
						"x_top_left": 11.64433225006647,
						"y_top_left": 454.87256706390724,
						"width": 112.45679486665955,
						"height": 22.27321856853405
					},
					"value": {
						"x_top_left": 11.644332250066526,
						"y_top_left": 479.6003930047484,
						"width": 134.27537831908774,
						"height": 25.182322337952883
					}
				},
				"Багаж": {
					"key": {
						"x_top_left": 11.64433225006647,
						"y_top_left": 520.3284006525881,
						"width": 92.09273555514199,
						"height": 23.727770453243465
					},
					"value": {
						"x_top_left": 13.098911878574711,
						"y_top_left": 545.7834470481863,
						"width": 146.63926354570944,
						"height": 26.636929710259892
					}
				},
				"Вылет": {
					"key": {
						"x_top_left": 295.28627780101715,
						"y_top_left": 385.05302233350045,
						"width": 84.0926169578438,
						"height": 25.182322337952826
					},
					"value": {
						"x_top_left": 296.01355374337186,
						"y_top_left": 412.68995204376034,
						"width": 219.36799527693154,
						"height": 95.00186706835967
					}
				},
				"В пути": {
					"key": {
						"x_top_left": 578.9282233519679,
						"y_top_left": 383.59844270499224,
						"width": 103.0020688970543,
						"height": 29.546061223477523
					},
					"value": {
						"x_top_left": 586.928369693065,
						"y_top_left": 425.0538095265832,
						"width": 114.63865043752253,
						"height": 40.45539456538984
					}
				},
				"Прибытие": {
					"key": {
						"x_top_left": 727.2949015590261,
						"y_top_left": 379.234787050864,
						"width": 164.82130082357116,
						"height": 31.72788905054165
					},
					"value": {
						"x_top_left": 733.8403850402185,
						"y_top_left": 413.41722798611505,
						"width": 224.45898236101198,
						"height": 96.45647444066668
					}
				}
			}
		}
	]
}