{
	"pages": [
		{
			"number": 0,
			"width": 841.9200439453125,
			"height": 595.3200073242188,
			"fields": {
				"ФИО": {
					"key": {
						"x_top_left": 47.61543356435101,
						"y_top_left": 130.70296816537325,
						"width": 110.01713201650068,
						"height": 42.21471241986143
					},
					"value": {
						"x_top_left": 163.848140691762,
						"y_top_left": 132.19313654314732,
						"width": 333.54150758208056,
						"height": 33.273730575814795
					}
				},
				"Номер приказа": {
					"key": {
						"x_top_left": 44.63512523140065,
						"y_top_left": 184.34884501835427,
						"width": 208.36787545581836,
						"height": 33.27373057581485
					},
					"value": {
						"x_top_left": 255.49314064239536,
						"y_top_left": 182.1135782403943,
						"width": 125.66382892663387,
						"height": 34.763898953588864
					}
				},
				"Группа": {
					"key": {
						"x_top_left": 50.595770319899145,
						"y_top_left": 363.16833978629865,
						"width": 125.66382892663398,
						"height": 46.685217553183634
					},
					"value": {
						"x_top_left": 180.23990757948354,
						"y_top_left": 366.1487333870423,
						"width": 111.5073003942747,
						"height": 41.46958559707775
					}
				},
				"Год поступления": {
					"key": {
						"x_top_left": 339.6873555493537,
						"y_top_left": 361.6781998311223,
						"width": 270.2095646961658,
						"height": 43.70488079763555
					},
					"value": {
						"x_top_left": 611.6419902231077,
						"y_top_left": 369.87408327498304,
						"width": 74.25320464031404,
						"height": 33.273758998412575
					}
				},
				"Факультет": {
					"key": {
						"x_top_left": 50.595770319899145,
						"y_top_left": 416.81420242798083,
						"width": 150.25156452600947,
						"height": 33.273730575814795
					},
					"value": {
						"x_top_left": 206.3177547114376,
						"y_top_left": 417.5593008281667,
						"width": 209.11294543340648,
						"height": 37.744235709137
					}
				}
			}
		}
	]
}