{
	"pages": [
		{
			"number": 0,
			"width": 979.1099853515625,
			"height": 573.6300048828125,
			"fields": {
				"Номер билета": {
					"key": {
						"x_top_left": 581.6063274504393,
						"y_top_left": 42.719180613433934,
						"width": 360.61636908276375,
						"height": 30.20546001156606
					},
					"value": {
						"x_top_left": 581.6063274504393,
						"y_top_left": 75.76026364294438,
						"width": 256.90403619067376,
						"height": 27.452051743347198
					}
				},
				"Номер бронирования": {
					"key": {
						"x_top_left": 581.6063274504393,
						"y_top_left": 106.0479208984375,
						"width": 348.6848369719236,
						"height": 25.616428725402784
					},
					"value": {
						"x_top_left": 581.6063274504393,
						"y_top_left": 133.5821611328125,
						"width": 151.35611529223615,
						"height": 33.87671480035408
					}
				},
				"Пассажир": {
					"key": {
						"x_top_left": 15.31877962780743,
						"y_top_left": 255.65065418115256,
						"width": 113.72600097656249,
						"height": 25.616411219604288
					},
					"value": {
						"x_top_left": 13.483156609862988,
						"y_top_left": 284.1026884187013,
						"width": 190.8218876374513,
						"height": 23.780823213256895
					}
				},
				"Паспорт": {
					"key": {
						"x_top_left": 292.4968049895018,
						"y_top_left": 254.73282516638187,
						"width": 116.47945300927756,
						"height": 24.69861721643059
					},
					"value": {
						"x_top_left": 292.4968049895018,
						"y_top_left": 281.34927139758315,
						"width": 157.78081336084006,
						"height": 29.287657255493116
					}
				},
				"Рейсы": {
					"key": {
						"x_top_left": 14.401003130432173,
						"y_top_left": 379.5547002242431,
						"width": 84.35612021844463,
						"height": 23.780823213256838
					},
					"value": {
						"x_top_left": 14.401003130432173,
						"y_top_left": 404.33552343749994,
						"width": 199.08212119500712,
						"height": 26.534240234375034
					}
				},
				"Самолет": {
					"key": {
						"x_top_left": 12.565345100890795,
						"y_top_left": 448.3903008101806,
						"width": 117.39722950665282,
						"height": 21.94520019531251
					},
					"value": {
						"x_top_left": 12.565362606689348,
						"y_top_left": 473.1710890118405,
						"width": 132.99995513598617,
						"height": 24.698652228027527
					}
				},
				"Багаж": {
					"key": {
						"x_top_left": 13.483156609862988,
						"y_top_left": 512.6368613570555,
						"width": 88.94517776330565,
						"height": 24.698617216430648
					},
					"value": {
						"x_top_left": 12.565345100890795,
						"y_top_left": 540.1711366030274,
						"width": 145.8492987557985,
						"height": 21.94520019531251
					}
				},
				"Вылет": {
					"key": {
						"x_top_left": 287.9077649504393,
						"y_top_left": 371.29448417248574,
						"width": 100.87667486254873,
						"height": 33.87666228295865
					},
					"value": {
						"x_top_left": 289.7433879683837,
						"y_top_left": 407.0889404586181,
						"width": 231.20541897424312,
						"height": 98.12329285302758
					}
				},
				"В пути": {
					"key": {
						"x_top_left": 568.7570013364254,
						"y_top_left": 377.71911221789566,
						"width": 112.80820697338879,
						"height": 32.0410742766112
					},
					"value": {
						"x_top_left": 576.0994934082031,
						"y_top_left": 420.8560605758056,
						"width": 115.56158898290983,
						"height": 40.30136035156244
					}
				},
				"Прибытие": {
					"key": {
						"x_top_left": 725.7021566677241,
						"y_top_left": 374.9656601851806,
						"width": 126.57532709057637,
						"height": 30.205556293457732
					},
					"value": {
						"x_top_left": 727.5378146972655,
						"y_top_left": 408.0067694733888,
						"width": 220.19178590136778,
						"height": 97.20546383825689
					}
				}
			}
		}
	]
}