{
	"pages": [
		{
			"number": 0,
			"width": 841.9200439453125,
			"height": 595.2000122070312,
			"fields": {
				"ФИО": {
					"key": {
						"x_top_left": 47.69078719709313,
						"y_top_left": 126.20713409486595,
						"width": 111.48462296611984,
						"height": 49.65534195394471
					},
					"value": {
						"x_top_left": 162.41019797485905,
						"y_top_left": 129.1868559132055,
						"width": 276.8593472809617,
						"height": 47.420525725429854
					}
				},
				"Номер приказа": {
					"key": {
						"x_top_left": 44.71107958718795,
						"y_top_left": 183.5668394837489,
						"width": 208.32567441697955,
						"height": 34.75669023694368
					},
					"value": {
						"x_top_left": 256.27151339894476,
						"y_top_left": 183.5668394837489,
						"width": 127.12819448137998,
						"height": 33.26682222355666
					}
				},
				"Группа": {
					"key": {
						"x_top_left": 48.43573541222099,
						"y_top_left": 362.350319085336,
						"width": 126.38327468312087,
						"height": 47.420525725429854
					},
					"value": {
						"x_top_left": 179.54366592037496,
						"y_top_left": 362.3503759190736,
						"width": 77.96266370708469,
						"height": 48.16538868995133
					}
				},
				"Год поступления": {
					"key": {
						"x_top_left": 326.29505427631386,
						"y_top_left": 358.62566326030293,
						"width": 282.8187625007721,
						"height": 49.655313537075926
					},
					"value": {
						"x_top_left": 613.8384726021189,
						"y_top_left": 363.840187098723,
						"width": 60.08438963078481,
						"height": 43.69586990039676
					}
				},
				"Факультет": {
					"key": {
						"x_top_left": 46.945867398834025,
						"y_top_left": 415.24053410153317,
						"width": 153.20072842287385,
						"height": 37.73636942998007
					},
					"value": {
						"x_top_left": 205.6162566956064,
						"y_top_left": 416.730288447445,
						"width": 340.17841105591737,
						"height": 34.011798855553366
					}
				}
			}
		}
	]
}