{
	"pages": [
		{
			"number": 0,
			"width": 992.1259765625,
			"height": 581.1023559570312,
			"fields": {
				"Номер билета": {
					"key": {
						"x_top_left": 581.8687715745345,
						"y_top_left": 37.690550781249996,
						"width": 360.6781205347254,
						"height": 36.19055078125001
					},
					"value": {
						"x_top_left": 580.9390219920726,
						"y_top_left": 76.74063619509714,
						"width": 301.1732250976561,
						"height": 28.752429984698068
					}
				},
				"Номер бронирования": {
					"key": {
						"x_top_left": 584.6580912572667,
						"y_top_left": 107.42283349609376,
						"width": 343.9423443090245,
						"height": 28.75244771853464
					},
					"value": {
						"x_top_left": 585.5878408397289,
						"y_top_left": 139.03479811338894,
						"width": 172.86586746355124,
						"height": 35.26080119878799
					}
				},
				"Пассажир": {
					"key": {
						"x_top_left": 9.134303730353736,
						"y_top_left": 254.32553745616974,
						"width": 160.77891008550677,
						"height": 31.541731933593724
					},
					"value": {
						"x_top_left": 10.064106514325374,
						"y_top_left": 287.7970189722255,
						"width": 159.84910730153513,
						"height": 28.752447718534654
					}
				},
				"Паспорт": {
					"key": {
						"x_top_left": 291.78250385492294,
						"y_top_left": 257.11482167122887,
						"width": 131.9562474171073,
						"height": 27.822662668399516
					},
					"value": {
						"x_top_left": 292.71225343738496,
						"y_top_left": 286.8672339220904,
						"width": 161.70865966796885,
						"height": 27.822698136072574
					}
				},
				"Рейсы": {
					"key": {
						"x_top_left": 10.064106514325374,
						"y_top_left": 382.63293055794765,
						"width": 88.25728995409423,
						"height": 25.03337845334039
					},
					"value": {
						"x_top_left": 10.06407104665226,
						"y_top_left": 410.5258081762121,
						"width": 208.1968304106947,
						"height": 25.963128035802356
					}
				},
				"Самолет": {
					"key": {
						"x_top_left": 10.064106514325374,
						"y_top_left": 448.6462149429433,
						"width": 109.64184955977834,
						"height": 25.963092568129355
					},
					"value": {
						"x_top_left": 10.99383836295084,
						"y_top_left": 478.3985917261317,
						"width": 134.74549616449326,
						"height": 22.244094238281264
					}
				},
				"Багаж": {
					"key": {
						"x_top_left": 11.92360567924942,
						"y_top_left": 520.237961355038,
						"width": 85.46804120670816,
						"height": 25.033413921013448
					},
					"value": {
						"x_top_left": 13.783122578009966,
						"y_top_left": 547.2011248585135,
						"width": 131.02646236697217,
						"height": 23.173843820743286
					}
				},
				"Вылет": {
					"key": {
						"x_top_left": 292.71225343738496,
						"y_top_left": 383.5626801404096,
						"width": 91.97637695312505,
						"height": 25.03337845334039
					},
					"value": {
						"x_top_left": 293.6420384875201,
						"y_top_left": 411.45566416169333,
						"width": 250.96600282357275,
						"height": 111.50136645853888
					}
				},
				"В пути": {
					"key": {
						"x_top_left": 581.8687715745345,
						"y_top_left": 380.7733959253505,
						"width": 98.48476590105156,
						"height": 34.33108708399908
					},
					"value": {
						"x_top_left": 578.1497732446865,
						"y_top_left": 424.4723001868539,
						"width": 128.23710721656676,
						"height": 44.55840342642739
					}
				},
				"Прибытие": {
					"key": {
						"x_top_left": 729.7012251170725,
						"y_top_left": 380.7733959253505,
						"width": 141.25388511241977,
						"height": 29.68226823634285
					},
					"value": {
						"x_top_left": 734.3500439647287,
						"y_top_left": 412.3853428088091,
						"width": 255.61485713890193,
						"height": 110.57168781142309
					}
				}
			}
		}
	]
}